Code,DiscountAmount,MinOrderValue,UsageLimit
PD26-001-4000,16000,100000,100
PD26-002-1748,22000,100000,100
PD26-003-7337,16000,100000,100
PD26-004-4083,35000,100000,100
PD26-005-5937,23000,100000,100
PD26-006-2258,41000,100000,100
PD26-007-3646,28000,100000,100
PD26-008-7524,12000,100000,100
PD26-009-8357,20000,100000,100
PD26-010-6026,28000,100000,100
PD26-011-8367,42000,100000,100
PD26-012-1426,42000,100000,100
PD26-013-4588,14000,100000,100
PD26-014-7876,11000,100000,100
PD26-015-8460,33000,100000,100
PD26-016-9653,37000,100000,100
PD26-017-1263,14000,100000,100
PD26-018-9828,34000,100000,100
PD26-019-9400,37000,100000,100
PD26-020-1122,34000,100000,100
PD26-021-4933,12000,100000,100
PD26-022-7325,32000,100000,100
PD26-023-7721,22000,100000,100
PD26-024-1581,43000,100000,100
PD26-025-8869,12000,100000,100
PD26-026-4869,46000,100000,100
PD26-027-4685,24000,100000,100
PD26-028-3654,46000,100000,100
PD26-029-2720,16000,100000,100
PD26-030-6634,20000,100000,100
PD26-031-3737,37000,100000,100
PD26-032-7111,33000,100000,100
PD26-033-3304,33000,100000,100
PD26-034-1337,43000,100000,100
PD26-035-9712,15000,100000,100
PD26-036-4446,46000,100000,100
PD26-037-9666,39000,100000,100
PD26-038-8818,46000,100000,100
PD26-039-8246,23000,100000,100
PD26-040-1181,18000,100000,100
PD26-041-9223,27000,100000,100
PD26-042-8705,37000,100000,100
PD26-043-7120,35000,100000,100
PD26-044-4202,44000,100000,100
PD26-045-3503,33000,100000,100
PD26-046-4826,39000,100000,100
PD26-047-8795,27000,100000,100
PD26-048-5441,31000,100000,100
PD26-049-9203,39000,100000,100
PD26-050-4662,34000,100000,100
